{"cameraMode":{"drawMode":0,"name":"Shaded","section":"Shading Mode"},"sceneLighting":false,"audioPlay":false,"sceneViewState":{"showFog":true,"showMaterialUpdate":false,"showSkybox":true,"showFlares":true,"showImageEffects":true,"showParticleSystems":true},"in2DMode":false,"pivot":{"x":0.41537466645240786,"y":-0.14306975901126862,"z":-4.720635414123535},"rotation":{"x":0.02699667401611805,"y":0.0014994509983807803,"z":0.00004049542621942237,"w":-0.9996344447135925},"size":1.814007043838501,"orthographic":true}