{"cameraMode":{"drawMode":0,"name":"Shaded","section":"Shading Mode"},"sceneLighting":true,"audioPlay":false,"sceneViewState":{"showFog":true,"showMaterialUpdate":false,"showSkybox":true,"showFlares":true,"showImageEffects":true,"showParticleSystems":true},"in2DMode":false,"pivot":{"x":8.75417423248291,"y":9.954562187194825,"z":-4.403105735778809},"rotation":{"x":0.18503162264823914,"y":-0.3439512848854065,"z":0.06932942569255829,"w":0.9179620146751404},"size":2.240344524383545,"orthographic":false}