{"cameraMode":{"drawMode":0,"name":"Shaded","section":"Shading Mode"},"sceneLighting":false,"audioPlay":false,"sceneViewState":{"showFog":true,"showMaterialUpdate":false,"showSkybox":true,"showFlares":true,"showImageEffects":true,"showParticleSystems":true},"in2DMode":false,"pivot":{"x":-0.04519382119178772,"y":0.3157607913017273,"z":-0.715487539768219},"rotation":{"x":0.10743731260299683,"y":0.08044162392616272,"z":-0.008721399120986462,"w":0.9909138679504395},"size":0.11669564247131348,"orthographic":false}