{"cameraMode":{"drawMode":0,"name":"Shaded","section":"Shading Mode"},"sceneLighting":true,"audioPlay":false,"sceneViewState":{"showFog":true,"showMaterialUpdate":false,"showSkybox":true,"showFlares":true,"showImageEffects":true,"showParticleSystems":true},"in2DMode":false,"pivot":{"x":-5.866754531860352,"y":4.463582992553711,"z":11.907872200012207},"rotation":{"x":-0.05206311121582985,"y":0.16461093723773957,"z":-0.008701303973793984,"w":-0.9849451780319214},"size":10.0,"orthographic":false}